{"00":[567,0.5991419553756714,0.3155214786529541],"01":[665,0.596817135810852,0.2551451027393341],"02":[786,0.30712655186653137,0.6009528636932373],"03":[242,0.4358175992965698,0.11133315414190292],"04":[730,0.0683203935623169,0.02500099502503872],"05":[709,0.5060034394264221,0.05243024230003357],"06":[702,0.5007988214492798,0.4228275418281555]}