{"00":[10387,0.5939168334007263,0.1954422891139984],"01":[10232,0.35002511739730835,0.20097282528877258],"02":[1482,0.29210740327835083,0.6811007857322693],"03":[797,0.3416244685649872,0.5562918186187744],"04":[13915,0.5469151139259338,0.24772381782531738],"05":[13352,0.9008604884147644,0.042212165892124176],"06":[4860,0.06502342969179153,0.3088628649711609]}